#{"t_start": 1745328176.835186, "env_id": "None"}
r,l,t
1682.300527,346,62.566342
11525.516577,439,63.867414
11480.807281,437,65.085296
11092.641431,349,66.068226
11092.641431,349,67.074183
7355.164294,638,132.390411
6210.19799,554,133.963701
6202.286369,553,135.529285
6199.6689,554,137.089939
6045.421203,536,138.589238
10194.035174,532,203.051154
10792.268072,327,204.016731
10792.268072,327,205.035794
10792.268072,327,205.96496
10792.268072,327,206.861999
3312.331938,425,268.800684
3312.331938,425,270.021491
3312.331938,425,271.233673
3312.331938,425,272.459665
3312.331938,425,273.689424
4094.424543,429,337.445528
11595.099512,407,338.589581
11595.099512,407,339.828463
11595.099512,407,340.956954
11595.099512,407,342.16225
10248.42539,320,403.121965
10248.42539,320,404.030793
10248.42539,320,405.038555
10248.42539,320,405.956189
10248.42539,320,406.829892
8309.929208,237,471.242865
8309.929208,237,471.956103
8309.929208,237,472.660024
8309.929208,237,473.418257
8310.274053,237,474.142956
11367.87625,316,532.632632
11367.87625,316,533.572686
11367.87625,316,534.498242
11367.87625,316,535.484586
11367.87625,316,536.441289
8202.689246,235,591.4177
8202.689246,235,592.077613
8202.689246,235,592.753253
8202.689246,235,593.417105
8202.689246,235,594.066623
8260.148086,239,651.882327
8260.148086,239,652.587871
8260.148086,239,653.270595
8260.148086,239,653.980587
8260.148086,239,654.70278
9808
280.826494,22,9.660869
503.882654,32,9.798811
543.436573,31,9.934273
329.217893,24,10.036089
309.521297,32,10.176956
402.523297,31,10.320847
404.260308,33,10.458201
395.928125,30,10.585916
223.776886,26,10.705958
277.995123,27,10.821477
425.22272,33,10.95685
308.895266,33,13.960572
299.342578,25,14.072397
335.950736,24,14.178926
382.815952,23,14.279456
389.68092,24,14.389419
462.85152,30,14.511945
319.278388,28,14.639762
372.244889,30,14.761815
358.977043,28,14.888877
567.893936,38,15.036401
396.114636,30,15.179042
284.419331,22,15.278909
273.142322,22,15.385624
306.796936,24,15.49967
375.172176,25,15.608601
271.132105,28,15.734132
381.017538,25,15.851669
333.005813,34,15.996243
219.131878,35,16.160476
411.788118,27,16.281522
242.868989,29,16.458546
354.186955,31,16.643803
388.256397,26,16.772614
483.923543,31,16.922446
412.798217,35,17.099667
393.071235,33,17.260762
122.60333,19,18.065479
323.164047,39,18.237005
391.243564,25,18.35496
274.425243,25,18.467993
270.470072,21,18.579925
289.633883,32,18.71696
531.224297,32,18.854505
467.68496,29,18.980443
362.922853,35,19.119609
410.193458,35,19.264466
367.006207,30,19.404987
236.529484,26,19.530179
452.957486,30,19.662245
456.879009,27,19.781302
422.162619,35,19.926843
320.651362,28,20.049381
538.955022,34,20.183429
377.035223,25,20.296229
332.478201,31,20.430771
330.167447,23,20.552657
422.361939,42,20.719357
390.290458,31,20.852278
657.723829,36,21.000327
227.028425,30,21.13838
269.632297,29,21.262917
388.495394,28,21.375975
441.529336,31,21.514818
413.066309,26,21.632567
309.693679,28,21.75752
371.242278,30,21.881525
-43.161589,29,22.013059
361.290113,30,22.137593
92.591349,37,22.27477
422.819104,31,22.393744
305.328765,27,22.502275
301.655845,26,22.623281
507.871176,27,22.749305
316.544559,27,22.892028
294.109119,30,23.010858
337.276368,23,23.113396
320.957377,30,23.252296
440.386679,32,23.398237
292.807429,27,23.508168
379.509927,31,23.644032
361.499631,22,23.749734
322.007981,32,26.816372
537.90231,38,26.991446
402.808444,27,27.114965
421.229322,28,27.235759
467.872457,29,27.34938
391.303907,25,27.457926
316.510813,26,27.576984
483.041628,29,27.706516
324.754816,24,27.83548
412.137938,28,27.955715
396.202867,27,28.073768
406.25888,30,28.210293
369.981083,30,28.346832
494.652347,32,28.493414
-175.824563,31,28.622947
521.465038,37,28.778719
292.024346,25,28.90394
402.591605,26,29.018465
467.817134,31,29.148251
400.074388,30,29.28232
416.890881,26,29.406858
364.857136,30,29.541156
428.557515,37,29.689209
428.601941,35,29.825745
258.987014,32,29.986639
382.895611,31,30.12318
253.271393,26,30.2367
367.439529,24,30.344231
394.870486,30,30.494302
347.530578,32,30.635814
519.70704,33,30.771861
438.454013,30,30.903384
429.37189,32,31.05141
326.335632,25,31.156951
311.257845,25,31.260478
366.083009,27,31.392792
408.163801,27,31.510312
258.284595,30,31.62985
527.156609,33,31.765394
355.17325,34,31.913447
440.616779,28,32.062504
622.576186,37,32.274491
427.242771,31,32.420233
-10.469156,30,32.566154
394.656929,29,32.708209
288.855313,22,32.823748
292.050397,29,32.960371
335.641894,28,33.075952
391.041973,29,33.207955
499.786344,32,33.333489
342.950786,26,33.444451
839.401251,49,33.644512
506.995616,28,33.772585
320.031479,25,33.892118
456.102468,25,34.017656
470.166018,33,34.175354
453.027745,40,34.341753
307.525602,27,34.467516
398.580817,27,34.598067
342.615695,30,34.742604
585.340559,37,34.923326
607.39997,36,35.082392
316.75048,24,35.19093
425.602197,29,35.334962
452.100596,37,35.488025
487.414405,33,35.626556
465.285512,27,35.754088
512.828415,32,35.894157
443.778955,32,39.409919
513.847332,30,39.583339
305.883886,29,39.7334
299.834376,22,39.846401
686.730095,41,40.044995
559.122666,36,40.216131
547.925957,32,40.36547
652.774028,33,40.530757
449.621656,30,40.673506
558.470762,30,40.803767
305.51574,28,40.934928
464.95449,33,41.073775
364.174393,28,41.200444
646.505788,34,41.362988
441.311937,33,41.521348
419.370954,27,41.632224
248.192867,25,41.738944
591.874723,36,41.882399
333.328785,25,41.998945
571.378147,32,42.153006
294.62407,22,42.852331
289.101483,25,42.973686
458.245677,30,43.115737
448.267304,31,43.267277
391.324154,27,43.400329
405.379378,32,43.558044
542.029933,33,43.707328
451.30301,29,43.849536
478.213065,31,44.00089
473.27223,31,44.141003
613.130401,33,44.279985
422.212326,28,44.404181
403.574413,28,44.524337
216.64481,26,44.656281
416.784768,28,44.773574
460.9331,30,44.901743
668.466259,37,45.058942
394.404838,35,45.246058
546.237105,31,45.399158
422.416001,28,45.520758
672.62807,37,45.683427
389.025371,37,45.854112
392.936401,27,45.976651
567.820622,34,46.139114
314.216957,26,46.271828
371.193684,34,46.411209
304.335287,26,46.521203
497.005813,38,46.687952
330.56786,22,46.794556
390.426819,26,46.929392
422.208335,32,47.066979
323.852554,32,47.204468
452.812375,32,47.351155
352.623134,32,47.493139
607.243953,38,47.650461
289.882891,23,47.769858
336.157545,24,47.888002
357.109069,27,48.021789
429.292182,28,48.154717
742.642396,44,48.354226
420.394798,26,48.471916
466.375142,40,48.646298
326.86625,26,48.762434
553.627371,38,48.940015
330.131731,26,49.079921
519.720725,39,49.245764
383.993891,25,49.355323
591.195133,34,52.603754
447.049017,26,52.724748
638.384403,38,52.892719
578.759988,31,53.032027
459.67693,30,53.158136
960.878496,46,53.348685
632.437559,32,53.49642
451.873738,35,53.664247
713.972166,37,53.835121
487.97591,33,53.97805
407.713562,30,54.12565
369.384275,31,54.25163
539.269324,35,54.411608
612.116705,36,54.56727
566.885561,33,54.722355
914.773043,44,54.954376
440.145327,26,55.083034
311.775309,24,55.223555
569.038869,38,55.401866
475.602641,27,55.530884
349.804118,37,55.721963
413.648111,29,55.853764
495.814227,34,56.00358
549.989014,28,56.144516
527.898497,33,56.322666
611.373368,28,56.455193
433.050692,27,56.580385
461.482438,33,56.733605
353.816789,30,56.869467
743.615498,40,57.031426
708.695552,35,57.188624
497.192719,32,57.334698
366.299424,24,57.459077
399.044781,38,57.633007
568.112074,39,57.824411
319.193261,24,57.94803
402.456308,24,58.065839
360.906695,29,58.199909
556.188394,34,58.358774
243.597635,30,58.506693
544.404552,34,58.662709
648.210996,39,58.826996
225.952165,37,59.645954
470.975861,30,59.798827
458.826149,29,59.93292
360.230602,27,60.063208
614.419331,35,60.223547
532.561703,37,60.400239
400.6522,25,60.527138
490.339376,31,60.672878
502.758215,29,60.816508
1069.498645,51,61.026694
500.078969,35,61.179232
447.247451,35,61.333104
583.342332,34,61.485378
377.003645,26,67.171555
433.487364,30,67.310472
759.570077,39,67.470364
607.242426,42,67.634854
308.974531,29,67.767338
726.849894,42,67.950986
542.169861,41,68.135162
632.815065,33,71.459995
726.068131,34,71.618882
340.163604,30,71.745407
-116.521415,39,71.905344
799.87221,40,72.083875
343.368639,24,72.197912
518.520272,40,72.360977
299.468595,23,72.471781
488.707089,33,72.612141
460.45017,35,72.791413
406.464506,25,72.908875
417.949308,30,73.044565
419.44613,27,73.174403
882.294793,51,73.389963
1062.605114,52,73.623236
390.600719,25,73.743265
551.564166,36,73.896791
761.738164,51,74.107548
421.658505,29,74.257482
492.834721,33,74.397211
731.829499,35,74.554894
278.800828,35,74.712722
790.414897,39,74.901255
573.501995,39,75.073493
399.136017,26,75.195135
463.883876,32,75.346432
399.145081,25,75.479929
668.32573,35,75.643826
744.712794,33,75.791683
447.538992,30,75.940039
791.832553,42,76.113775
527.580748,35,76.272698
713.277048,41,76.453769
537.642248,33,76.595313
468.782551,37,76.758303
380.725652,26,76.878835
498.161831,27,77.001082
450.495886,28,77.140646
339.523474,32,77.285019
852.703089,54,77.506377
460.272279,31,77.659443
-151.588995,31,77.794851
690.64146,39,77.967001
382.62808,26,78.106374
880.469629,38,78.281126
360.50702,23,78.392222
491.386098,29,78.523278
412.569683,26,78.656789
863.324105,38,78.816145
494.555594,34,78.969837
447.887334,31,79.111109
580.667432,40,79.278123
953.967191,42,79.462547
722.773634,46,79.648111
735.468299,41,79.829768
382.016799,31,79.965528
591.756747,37,80.133422
319.184147,22,80.245925
796.142598,44,80.436015
764.895561,41,83.848921
687.028819,47,84.049511
366.537416,30,84.188524
-34.425607,41,84.374299
598.596384,38,84.530822
476.722499,29,84.667268
678.38598,37,84.823368
524.220454,30,84.967116
1424.004237,59,85.202941
727.824612,42,85.377624
575.992167,30,85.51333
649.863146,34,85.657418
422.680772,29,85.782938
683.61274,37,85.940187
437.074191,30,86.090822
407.78999,30,86.225889
206.520927,36,86.389983
895.128036,40,86.562119
403.536332,31,86.699371
645.07692,37,86.847872
463.917828,31,86.983328
372.916104,28,87.122726
380.030494,25,87.242978
566.176413,38,87.40696
656.381349,40,87.576149
559.664368,31,87.710539
736.111237,36,87.865178
578.995172,33,88.006365
891.272378,48,88.192766
1102.656091,52,88.411458
665.495443,36,88.561571
505.923001,39,88.72023
611.079462,31,88.86414
425.769693,29,88.986895
885.109513,42,89.158204
252.2007,22,89.260154
520.909454,31,89.412842
602.664614,34,89.571295
356.576304,35,89.724513
503.715602,32,89.859611
519.97926,33,90.007391
380.737327,23,90.108199
522.166708,38,90.268889
465.742795,31,90.413222
425.791753,27,90.537523
241.864821,37,91.356745
690.792522,41,91.538176
629.55318,35,91.687704
496.208089,35,91.840397
309.167496,29,91.973204
796.952638,45,92.167623
785.780137,40,92.340938
274.48091,28,92.467514
933.583329,47,92.65038
679.013006,38,92.812694
561.225321,39,92.978718
546.230405,33,93.121963
570.524213,32,93.258497
331.682053,27,93.398501
472.207744,30,96.658051
505.680822,37,96.811563
497.858811,35,96.961609
461.873935,36,97.115355
356.725307,33,97.260614
702.649835,38,97.419882
588.103503,30,97.562426
606.257845,37,97.735303
475.889502,28,97.862803
821.059461,48,98.059801
559.436179,29,98.188917
851.464161,38,98.347737
393.178432,31,98.509322
551.359338,38,98.698397
530.619686,34,98.862949
989.202818,49,99.10071
667.734913,34,99.260394
395.367949,26,99.392039
711.126854,45,99.619123
540.4381,49,99.823927
223.0,26,100.604688
667.512488,39,100.805083
554.916843,33,100.94562
419.784472,26,101.068348
695.116755,39,101.244997
430.776738,22,101.359098
558.298635,32,101.498864
841.165772,43,101.702278
370.167594,30,101.848703
531.934036,33,101.99488
541.164639,34,102.136934
609.347061,33,102.284459
500.263116,28,102.405684
573.923484,45,102.60472
786.310705,36,102.76389
426.336026,32,102.917285
818.012129,40,103.085173
497.571595,36,103.243372
489.816592,28,103.361313
478.27957,30,103.488838
1588.669747,60,103.73936
576.517021,28,103.872898
880.518498,40,104.040959
413.853096,29,104.171917
576.607715,33,104.314479
435.910193,33,104.456176
620.322134,36,104.610723
455.087591,34,104.756778
659.486517,49,104.9711
479.622543,36,105.135162
847.741022,39,105.335557
1589.454269,69,105.619555
611.11237,35,105.771868
790.545948,40,105.950403
372.586679,25,106.075587
474.524164,29,106.196598
412.923198,26,106.317952
274.914971,35,110.484501
578.977634,41,110.68104
1018.879896,46,110.878695
691.028277,37,111.043127
646.384551,35,111.192626
1093.859648,50,111.403452
494.42741,30,111.537025
1102.052663,51,111.758045
1245.939554,48,111.958505
937.288536,48,112.15628
1004.182472,47,112.348951
921.180876,49,112.546739
680.539386,38,112.721732
395.046653,30,112.854477
946.227548,39,113.036909
586.582393,30,113.172118
2428.683374,88,113.505323
765.189763,44,113.687258
1010.811557,47,113.892719
830.719001,46,114.112689
630.833046,32,114.269206
1514.947751,63,114.555565
628.637322,34,114.705549
368.634908,36,114.876771
1203.642219,49,115.106366
315.459776,23,115.226014
717.695532,37,115.389145
851.464407,44,115.57686
742.027095,40,115.760491
475.478496,29,115.896955
1235.152076,55,116.13201
500.219469,30,116.267713
991.422779,44,116.461549
742.219666,38,116.618885
400.833588,30,116.748742
367.573437,47,116.951797
595.619095,35,117.11536
599.94847,33,117.264023
609.037637,38,117.44439
670.077689,45,117.635423
1171.429824,46,117.835188
1097.595162,56,118.056304
907.887581,50,118.265967
666.460811,36,118.423105
827.66688,43,118.613605
1089.557318,49,118.829578
757.326716,47,119.053326
738.262525,44,119.237157
806.890034,43,122.538851
521.1164,39,122.721832
664.648219,37,122.890267
631.498448,32,123.038277
1079.093059,50,124.056063
698.17996,35,124.239514
470.517001,27,124.386562
782.805508,41,124.573896
984.45884,42,124.777047
683.402286,33,124.93494
446.943593,28,125.070955
581.057293,36,125.239732
473.136361,29,125.375493
861.848318,42,125.558599
1062.248761,45,125.750243
918.208286,39,125.94276
1111.540766,50,126.159645
547.707473,30,126.308696
535.74383,36,126.474509
1458.111138,60,126.723761
1149.921819,51,126.946733
343.435145,26,127.074478
973.969949,41,127.252737
1402.227036,56,127.470983
523.406276,37,127.636854
353.452663,38,127.81253
901.41268,43,128.023615
732.267205,41,128.22661
587.176442,32,128.381065
413.471452,29,128.517254
1053.361693,49,128.741796
1591.37859,63,129.035766
423.014681,34,129.193729
810.138322,49,129.414722
324.6221,24,129.536784
824.139711,42,129.712723
535.553081,32,129.870904
370.089364,30,130.025603
526.895906,39,130.20408
774.030839,42,130.411767
542.459037,39,138.630361
517.680625,30,138.762093
427.673383,25,138.866939
326.648259,29,138.994836
734.731386,43,139.186455
516.676634,31,139.356603
1205.341544,53,139.570357
388.136322,32,139.734133
443.522932,30,139.90496
498.472437,28,140.047849
816.385093,36,140.21993
580.416523,37,140.412708
972.273856,43,140.609195
1061.67092,52,140.830492
788.404453,37,144.255603
755.48091,44,144.46064
739.439283,39,144.654267
1050.32238,47,144.872721
682.626987,46,145.096686
560.044386,30,145.259906
1153.249323,49,146.166657
501.868368,33,146.316375
1135.027243,56,146.553976
582.301,38,146.741624
559.500025,31,146.889682
1670.181841,71,147.172429
936.412877,48,147.392241
594.568412,33,147.545647
1508.410119,64,147.806469
1003.601409,47,148.016667
633.733189,36,148.178382
680.697818,39,148.339929
604.695926,37,148.513515
908.535189,47,148.717294
778.008128,39,148.908579
483.515237,33,149.055176
575.242376,41,149.232508
565.744244,33,149.379058
545.038219,29,149.519591
568.501108,34,149.690607
929.072575,50,149.945084
752.656387,37,150.128266
949.616089,47,150.372675
487.276023,39,150.572204
664.64613,32,150.725022
896.341987,41,150.912499
1328.510616,58,151.175333
533.422829,34,151.339145
577.389921,36,151.505273
525.206444,54,151.739606
1608.067826,59,152.000522
802.981477,39,152.207229
659.319178,43,152.427864
564.67422,34,152.597605
889.002118,46,152.836309
440.384354,32,153.03547
610.92645,35,153.230456
469.942559,30,153.4061
696.521208,35,153.614515
605.428001,35,153.837833
772.802207,40,154.078768
687.630425,37,154.290093
923.287699,41,154.493674
846.418592,37,154.669453
651.530026,37,158.318028
504.887285,31,158.461088
1171.015222,49,158.66874
1269.990788,55,158.915504
2474.509434,81,159.22686
450.839253,33,159.379194
1399.581635,56,159.635273
730.638061,39,159.823627
1318.296359,55,160.045585
975.382876,44,160.244362
680.569831,39,160.408195
710.684418,36,160.565368
772.566924,47,160.764001
1183.847795,46,160.976264
983.289768,40,161.157885
1142.526282,53,161.400092
965.59599,46,161.613957
1167.345436,51,161.846539
924.305286,46,162.055297
1343.40064,53,162.26451
1580.884891,62,162.542245
528.3679,33,162.701517
1398.707227,64,162.947575
586.067787,34,163.085057
930.99529,48,163.299591
265.069905,31,163.449139
1273.971427,54,163.668726
1271.541406,52,163.883299
1450.291541,53,164.110594
758.682989,40,164.286341
448.23277,31,164.428312
1262.345042,52,164.670318
585.008966,30,164.808686
767.899552,39,164.971381
2353.504636,77,165.305104
629.587142,34,165.469018
792.173999,49,165.681694
1087.452929,44,165.886507
497.828189,33,166.041656
845.858564,47,166.240234
773.290753,42,166.435219
965.897621,53,166.655784
707.611754,34,166.802328
1552.494803,57,167.029426
1652.186561,64,170.51896
1068.448219,61,170.778556
917.139495,57,171.010635
823.196187,47,171.218925
643.689078,41,171.396291
655.481403,36,171.558547
1990.809843,79,171.894805
391.740184,29,172.023552
840.905857,36,172.190828
719.141327,47,172.383585
1096.890684,63,172.643243
1272.347278,57,172.89602
967.519592,40,173.058427
1000.379477,54,173.300186
1389.082713,59,173.542132
627.12439,52,174.451633
1225.372531,49,174.65575
870.308488,40,174.851429
629.191803,44,175.062032
731.715956,39,175.241032
1402.358047,63,175.517005
2139.613676,77,175.855215
1131.557761,48,176.073069
1009.94049,47,176.26952
926.121425,43,176.461555
507.281314,34,176.621826
1628.076102,70,176.944608
575.218878,38,177.123932
731.4649,37,177.275143
1166.311198,55,177.496913
1152.734657,47,177.689642
1045.314104,50,177.884282
908.489482,46,178.084137
942.489778,49,178.287305
1202.975546,61,178.526164
525.855264,35,178.68292
761.152027,41,178.859172
2189.370294,91,179.219036
666.118429,47,179.449711
852.786689,40,179.621773
1682.267195,72,183.455805
1781.991783,73,183.759774
900.399108,43,183.944843
2263.996384,85,184.263605
1256.846249,64,184.529257
918.051431,40,184.722937
733.050446,36,184.902485
1083.472536,46,185.127584
629.2308,38,185.300194
480.07493,31,185.425728
838.180551,38,185.590809
1524.808414,60,185.835865
1457.178905,55,186.046852
553.138972,31,186.170526
918.538746,44,186.348869
678.290458,37,186.516585
2484.527474,84,186.85791
1112.324351,43,187.032187
1125.075619,51,187.240669
709.325484,36,187.390729
341.067688,24,187.501198
1854.974777,69,187.75988
731.528302,40,187.913847
407.960885,28,188.050486
764.816444,42,188.233297
1680.838711,70,188.519798
734.501256,39,188.69532
377.014483,26,188.813073
846.036701,39,188.967727
703.077886,40,189.12833
890.545899,52,189.329451
1391.634898,55,189.557524
1332.751259,59,189.772605
2080.901611,77,190.060622
453.610592,35,190.209694
1037.154569,51,190.419759
1402.984334,54,191.395078
1035.361102,46,191.59307
632.856574,36,191.754563
1250.384482,58,192.031048
1306.837233,63,192.313679
1150.862949,56,192.558137
876.720479,49,196.043068
1023.77792,45,196.240798
948.834622,52,196.487821
1532.550273,61,196.736978
1458.283314,59,196.986146
595.576777,37,197.145488
1406.167496,59,197.393552
2087.934558,77,197.69426
1245.32977,52,197.917318
2042.914203,73,198.220533
2799.854623,91,198.592681
642.317356,41,198.761961
2126.107503,75,199.068039
433.148037,28,199.196578
1062.231272,53,199.413978
1473.378728,63,199.661129
1338.013695,51,199.867829
1182.72979,52,200.111681
1869.524952,70,200.402594
2067.763082,77,200.716279
1277.178629,60,200.959239
937.03543,55,201.205232
983.722055,44,201.424428
1700.496359,72,207.013857
661.075176,38,207.186266
657.919651,38,207.335362
625.002793,30,207.455061
1996.135741,67,207.716723
978.443027,47,207.907001
2642.682595,96,208.30396
1906.791872,66,208.609411
828.2642,43,208.809333
895.79261,50,209.011631
1215.12311,54,209.230681
1080.956195,50,209.439899
1724.986827,64,209.723681
718.645106,41,209.897398
880.910932,41,214.055143
2562.473206,93,214.367821
2131.83145,78,214.66097
2226.873629,77,214.905704
1401.365722,62,215.149926
1573.472171,69,215.444829
1764.006946,66,215.727969
1008.466279,40,215.898759
1903.875117,73,216.180768
1685.807626,65,216.469677
1100.370954,49,216.708773
972.915227,48,216.919562
1687.228287,67,217.189159
897.702793,43,217.372817
1547.633874,60,217.622197
1146.798167,49,217.795779
1293.982048,51,217.985273
886.749741,39,218.166744
1695.365624,61,218.398432
1484.760087,66,219.355255
896.764767,62,219.615135
1561.650554,68,219.888385
871.833342,44,220.066269
1121.113946,49,220.266628
1824.754146,62,220.536253
1197.832061,51,220.762376
1575.450485,60,221.00952
1049.750135,50,221.20315
622.597123,30,221.327395
2098.548214,69,221.601276
891.445293,38,221.77757
2082.759466,73,222.049747
1003.814927,50,222.263829
1317.761102,54,222.449437
2104.048387,73,222.720238
915.115966,61,226.462023
1003.159466,46,226.678192
1545.071531,57,226.893938
1743.523868,66,227.216065
1742.520962,70,227.49555
1591.370481,73,227.787055
1535.015942,58,228.032921
572.999754,36,228.182768
557.60599,29,228.323527
360.445559,33,228.471199
356.724962,29,228.612109
2495.044475,88,228.896166
1873.764353,66,229.167778
984.169614,45,229.354511
674.67025,43,229.529409
898.35184,45,229.733718
1335.04079,53,229.95539
1448.379477,60,230.194982
1165.311592,51,230.436792
283.192965,22,230.52891
2034.225991,88,230.826652
861.943741,40,230.977234
432.258978,30,231.091564
1494.09629,58,231.282267
1491.634218,57,231.535045
791.923986,40,231.688462
664.339376,33,231.849303
2503.606473,85,232.209095
1146.039519,52,232.41551
1272.133484,57,232.641958
1256.879452,52,232.815639
1429.192453,55,233.029754
885.62343,43,233.219819
2907.579142,99,233.591406
796.505542,36,233.744038
2539.84749,87,234.07735
692.973299,34,234.22441
1090.346027,51,234.437
1361.264693,54,237.991524
2731.531435,104,238.400864
3629.301296,124,238.910415
1138.278142,49,239.139996
2827.74316,97,239.517164
2935.619627,98,239.910346
1547.232228,61,240.161976
2065.585891,71,240.443576
1014.223016,44,240.635923
2037.057303,77,241.038595
741.149909,35,241.248235
723.56988,35,241.44229
634.435391,34,241.642789
957.048623,46,241.911391
819.015814,51,242.1581
704.32711,36,242.345579
562.628248,33,242.528188
1471.235332,65,242.808244
2499.346076,82,243.146547
1906.039036,79,243.488829
1665.045076,61,243.752302
2489.274211,83,244.116356
1954.417065,71,244.648671
1218.190009,56,244.94896
1727.439041,60,245.293577
1656.997586,62,245.665102
1217.615203,56,245.980747
2233.210316,84,246.441426
1969.648298,74,246.801162
458.596384,31,246.965639
679.36184,46,247.222241
927.081383,42,247.429873
1192.616385,52,247.663494
607.109217,39,251.027367
2531.95182,84,251.386251
822.248879,40,251.566384
498.213311,26,251.695571
1935.756855,73,252.006735
916.670575,44,252.201024
718.386719,35,252.36441
2412.645204,78,252.698838
1434.568432,59,252.963537
1674.870072,63,253.221878
2353.087985,81,253.555212
2224.119957,74,253.864038
2685.420622,100,254.275657
880.650032,53,254.519182
710.528499,36,254.684361
894.655067,53,254.927444
3095.17392,109,255.422811
2665.815557,92,255.819266
2234.015754,76,256.138269
3374.199645,116,256.595018
1332.556589,59,256.814956
1564.937623,63,257.077309
2722.957367,91,257.46718
3700.588492,116,257.933787
2875.271836,100,258.314871
1774.623075,68,258.569528
1371.850751,55,258.816685
2277.88363,80,259.149004
3308.552579,106,259.6009
1935.21809,74,263.03583
2183.778708,84,263.404465
739.386935,37,263.585532
733.64546,47,263.804255
1091.157643,43,264.003332
1184.581112,56,264.24457
3632.384167,105,264.668009
636.711907,37,264.837249
962.781103,54,265.066968
871.903148,38,265.240578
1308.727208,53,265.468871
2914.09365,92,265.841601
588.017045,36,265.997008
795.610769,40,266.167997
2992.972905,92,266.544842
2229.865461,78,266.895201
856.818365,37,267.043984
1888.468545,70,267.340502
608.154786,31,267.496376
739.110843,41,273.865341
1236.48297,60,274.109056
862.709444,40,274.281292
1622.792305,65,274.552108
688.12109,37,275.446305
1325.844938,48,275.67431
1364.042071,65,275.972252
1018.737228,48,276.191789
2602.788413,91,276.57547
1040.062308,54,276.831957
1291.656781,52,277.069783
773.349032,37,277.239863
763.345633,41,277.442446
2593.787733,88,277.796387
1543.284152,62,278.056834
1685.799626,64,278.322997
1549.807813,65,278.592347
1758.492261,69,282.304645
4278.910695,127,282.847062
1156.749002,53,283.067362
1636.079659,62,283.335154
2213.478329,78,283.652039
422.605646,23,283.765924
1162.764126,47,283.956086
451.191142,32,284.090519
1331.909503,50,284.30418
870.130992,46,284.510712
1157.40002,52,284.720441
2902.332667,97,285.108268
3683.239687,109,285.603126
1240.005606,50,285.818655
812.71102,38,285.998513
2427.119464,82,286.340343
1139.250988,49,286.543936
885.055894,48,286.763278
1203.741524,50,286.974807
1875.799399,72,287.269723
1702.156244,66,287.531992
1720.338233,76,287.83103
775.607744,42,288.015521
694.310015,38,288.178016
2076.301975,70,288.466612
2217.92039,83,288.789683
1468.124784,60,289.053247
1328.571752,51,289.272834
895.964826,43,289.463022
3025.824228,98,289.894974
1979.758018,72,290.194738
2038.435677,71,290.550706
3100.273836,100,294.988375
2610.699187,89,295.43301
1116.797034,47,295.684591
3805.023893,113,296.163385
2981.204404,101,296.620522
2883.983201,86,297.006297
3318.706695,122,297.539232
719.229026,33,297.701676
1638.502724,62,297.974856
930.246022,47,298.174572
765.249273,37,298.355132
544.971526,33,298.491144
3234.597172,104,298.998849
2745.791857,100,299.415622
1996.451909,76,299.714861
788.208897,52,299.974181
2385.231341,78,300.31496
2112.251313,91,300.711262
830.941524,43,300.88176
3221.918617,101,301.285555
976.714173,54,301.502459
1389.504803,59,301.755009
3188.61402,102,302.192093
965.903306,51,302.451373
2254.672289,76,302.807319
1101.22474,48,303.005524
737.425834,36,303.17278
2148.18331,80,303.56488
682.233016,37,303.759688
1482.456988,59,307.491144
856.875905,40,307.696933
481.958599,33,307.86654
808.286315,44,308.074258
2425.773969,89,308.489141
3270.757643,100,308.925156
1574.190093,63,309.23048
2908.524558,90,309.679922
657.12306,35,309.860002
2052.657638,71,310.155086
2619.838465,101,310.625685
973.559831,43,310.819993
1280.366521,59,311.131476
3297.748273,109,311.651001
3361.021036,100,312.072838
2963.322962,105,312.535504
2241.341327,78,312.871768
2710.851855,103,313.293206
1794.835746,64,313.591713
726.378393,38,313.755301
755.039007,42,313.956664
1091.9833,45,314.158731
2179.379497,82,314.516812
1226.24418,56,314.754195
593.159367,35,314.92606
596.858515,30,315.084867
2736.808128,85,315.514715
1124.217301,55,315.805586
1744.125849,63,316.059983
720.977102,38,316.250132
695.395537,41,316.464463
1095.961328,44,316.661414
3140.627272,92,320.368471
793.943002,35,320.548107
1047.845953,48,320.78376
1529.225982,59,321.013838
1083.687768,46,321.214976
1291.794965,52,321.445253
972.638997,42,321.632699
2670.080595,92,322.031312
2933.058476,85,322.375799
2242.528105,80,322.773338
916.374353,45,322.998408
2664.57795,92,323.371862
702.753889,36,323.557189
466.940539,31,323.715579
2840.245322,96,324.097009
1349.180807,51,324.370241
1366.788216,55,324.638148
1968.923001,73,324.926676
780.50167,37,325.094834
3783.414139,115,325.581332
1821.229824,67,325.87396
2027.547288,70,326.157664
3098.72977,101,326.588841
1962.929957,70,326.897194
2523.9371,84,327.259985
1095.636189,50,327.491065
1483.762451,60,327.764858
401.944628,27,327.903522
990.753781,43,328.11218
3178.915907,103,328.505366
449.440367,28,328.637447
3843.349741,113,329.106248
3054.66086,96,332.96722
5351.108429,152,333.590159
3574.522538,104,334.013008
3215.921021,104,334.406518
4238.520154,135,334.930008
1537.761072,61,335.221798
2906.903394,101,335.701276
556.026602,28,335.840682
4815.203035,137,342.391874
1963.663126,78,342.730886
2406.636307,75,343.050264
4960.256141,143,343.699658
923.297355,42,343.911295
1903.477462,71,344.216859
532.632859,30,344.368497
1739.298192,59,344.607762
1098.997586,45,344.83005
2269.143445,80,345.178655
795.61875,40,345.383497
594.862062,34,345.547813
1507.009035,59,345.79896
5298.08628,154,346.40068
1872.570304,72,346.709412
2610.939317,87,347.095321
1467.811666,62,347.371419
789.745455,34,350.723768
522.581408,31,350.871484
1487.288773,78,351.221853
2843.005518,85,351.578661
1094.933928,49,351.815212
2764.93514,87,352.156893
1482.318242,58,352.417978
1271.188137,54,352.653287
4347.937997,130,353.140022
3407.073747,106,353.581895
3016.053106,94,353.98114
961.870831,40,354.190704
1354.21006,52,354.408788
2808.405045,84,354.725847
4688.583782,141,355.316273
1240.342677,51,355.526755
1092.731268,52,355.77326
3524.859579,107,356.222622
3257.128282,109,356.673608
638.354894,36,356.834976
4972.258032,140,357.424231
3220.893413,110,357.862621
2211.622927,72,358.153107
3770.359013,113,358.641222
522.33376,29,358.789389
2446.248318,84,359.128299
1395.542766,58,362.769348
3280.251934,97,363.15976
3361.130844,99,363.590696
5617.158062,161,364.275064
2168.668939,73,364.607493
1892.836386,70,364.889387
3281.076753,98,365.285547
2545.579359,91,365.693956
2316.497581,80,366.084321
1512.820444,62,366.360036
2595.425184,85,366.734596
5936.769437,168,367.485996
2816.354254,86,367.8818
3786.257471,118,368.40853
2382.811025,83,368.830269
1427.222326,52,369.048433
2731.726361,94,369.460687
1210.7391,49,369.700314
1316.131139,60,369.97734
2025.25018,76,370.3093
812.466112,49,370.522161
2802.826149,83,370.861669
2757.996453,102,371.273779
3030.481797,88,371.679148
3911.756885,126,375.698165
580.633233,35,375.88636
3390.17255,108,376.321428
841.096409,41,376.519933
978.072023,46,376.739776
2712.973772,93,377.167858
647.491551,35,377.332289
3379.323267,98,377.745661
4790.25549,134,378.314038
1009.573378,43,378.493038
1400.835558,51,378.727852
1891.47957,71,379.007671
1317.661363,53,379.24179
1311.511237,52,379.486034
1660.464299,60,379.762864
1145.707399,48,380.007616
3355.331642,101,380.464526
885.865471,52,380.727986
951.215528,41,380.923525
2379.508478,84,381.287464
950.982314,43,381.483195
2820.212424,82,381.866733
2848.149465,86,382.282739
345.282625,21,382.401283
4275.804178,132,382.963891
2501.669915,82,383.306926
2313.623479,76,383.612105
2567.06018,92,383.988894
2384.530716,79,387.464655
4709.045372,135,387.985545
2648.623124,80,388.310058
2396.794926,84,388.653879
4150.604857,151,389.310015
1261.381743,53,389.572828
754.986305,40,389.741575
2099.301197,74,390.03085
3220.310262,97,390.437481
5708.544904,156,391.06639
2918.978235,105,391.498405
493.78861,36,391.681102
2502.967259,79,392.009375
2760.20335,89,392.357561
6113.288044,175,393.052735
3258.606926,101,393.483074
3524.998079,105,393.920199
312.369821,28,394.042918
592.021282,33,394.18774
2774.346076,82,394.590092
3043.708064,97,395.002244
2805.289049,89,395.387385
3563.245332,106,395.860007
4390.189172,126,400.097885
1549.972255,53,400.346556
6028.19129,168,401.000774
1780.454505,76,401.299989
2859.57121,84,401.647733
1557.533435,70,401.962678
1539.08897,70,406.861715
2918.990344,87,407.173196
4394.652574,137,407.676714
747.324252,33,407.809081
1482.041559,60,408.062885
3878.325464,113,408.49307
3411.477659,102,408.867648
3029.859106,91,409.227259
465.88699,26,409.355253
4110.649342,121,409.777918
1238.394256,47,409.965876
892.371496,43,410.132529
546.637076,32,410.269407
556.925317,35,410.450145
1949.8595,67,410.7276
3635.230001,107,411.198182
3305.869747,105,411.624608
2953.539928,93,411.971947
4390.580038,141,415.918687
8276.819006,228,416.941668
2828.162717,94,417.361062
3180.088822,97,417.789354
5860.94579,176,418.54383
1875.720085,66,418.843422
5694.692152,156,419.511039
965.565939,46,419.709721
833.023006,41,419.914993
759.876053,35,420.083929
4404.607183,128,420.619995
1558.527602,60,420.907162
3473.422139,108,421.38046
3110.501749,90,421.804403
1486.09966,66,422.13712
3030.526233,94,422.57209
722.827479,38,422.767327
5528.191783,147,423.505409
2967.962412,96,424.041712
1130.249865,49,424.328405
5674.351741,154,425.26862
1929.281492,71,426.802885
5883.263166,166,431.552262
5103.749042,145,432.400696
5613.444111,155,433.497417
3426.252328,108,434.090274
2166.372403,91,434.764784
1058.371545,48,435.044527
5178.423686,161,435.81826
5072.537701,142,436.469109
3486.282575,109,436.994739
2193.9826,73,437.371711
1906.46692,70,437.725732
5605.753387,154,438.427384
3166.940293,99,438.898738
3834.802,117,439.462873
2457.860722,83,439.838768
5506.524656,148,440.517965
3050.969555,103,441.113096
5393.881915,148,445.734019
4089.929386,143,446.39839
811.353909,35,446.574274
5178.775851,151,447.20496
3178.788265,99,447.616008
1929.595202,72,447.928136
5422.353515,146,448.519875
2350.832849,84,448.874744
2123.345327,71,449.184058
2936.58727,86,449.54801
2614.786876,93,449.909947
1211.614217,52,450.131551
1157.720676,48,450.338563
5402.560274,148,450.908953
3985.304123,127,451.440861
2894.265964,96,451.855381
650.661806,35,452.017613
4150.753387,120,452.523961
781.875018,40,452.707167
859.894428,46,452.907473
2987.94384,97,453.34076
4542.110222,131,453.872011
5126.133366,156,457.76354
5568.550963,152,458.413603
3404.620503,102,458.843238
6183.496133,180,459.551039
4236.650466,126,460.066278
5617.629982,150,460.672148
2542.018159,82,461.031598
3137.989162,94,461.412149
4387.760875,151,462.054896
5353.87226,148,462.656984
5517.270013,147,463.264167
5466.097591,147,463.901325
783.990098,39,464.098763
3201.101138,100,464.488685
705.378245,40,464.680249
5428.817725,147,465.305119
4673.491404,135,465.89523
1599.952086,59,469.283327
3288.641766,114,469.735698
1694.03744,91,470.111957
1852.067875,63,470.37894
2482.800852,85,474.27751
2998.631854,90,474.663171
3048.681216,99,475.070357
2119.557929,70,475.348668
5489.809252,168,476.026246
2998.149712,102,476.435738
2827.383122,88,476.806839
4409.484014,126,477.374334
4431.274496,126,477.948252
2814.318538,86,478.349467
7943.60806,224,479.174729
7149.823587,208,480.117027
5565.698606,158,480.729367
5164.363545,147,484.481546
1410.646623,55,484.716856
5800.652052,158,485.382191
2146.029115,73,485.687081
2341.095665,83,486.052081
2859.72439,91,486.443535
2762.613961,90,486.809385
3632.275876,110,487.269503
1682.016464,61,487.538208
2764.170698,83,487.878739
3046.399429,94,488.251133
6961.025568,196,489.088755
5187.877186,139,489.725937
5681.863392,156,490.408329
5264.175083,155,491.010967
2015.512932,77,491.356362
2051.129376,70,491.679853
5729.292034,158,492.289859
4309.611055,127,492.781666
2751.149712,79,496.282448
5488.427804,145,496.864788
5707.013203,164,497.524385
5311.245697,146,498.079992
304.263658,20,498.187275
7114.015863,203,498.968752
2242.413065,74,499.293422
2821.913001,81,499.604761
4120.076753,123,500.077248
2965.696241,105,500.482834
3139.718311,86,500.821273
5610.609537,149,501.401723
3293.815705,98,501.787965
3080.920095,100,502.256804
2788.976905,92,502.649358
985.374058,46,502.865828
1253.30971,49,503.071851
948.203409,46,503.31359
3772.899709,112,503.814245
5492.978226,151,504.495459
3790.978245,114,508.302019
3729.298291,112,508.73815
639.905513,31,508.887439
2930.498842,86,509.250645
4255.523356,126,509.766354
6486.455077,188,510.588974
5663.82477,153,511.154054
3301.124863,97,511.532867
5546.042662,148,512.11683
5512.347061,146,512.692502
1987.180945,65,512.965451
2006.437992,66,513.242397
1473.534164,54,513.481248
4699.562639,139,514.030768
5650.703384,158,514.678203
5608.714863,152,515.281098
5689.166806,158,515.917091
5084.142372,142,519.775243
3171.005468,118,520.293641
3234.118725,92,520.703918
2710.231341,82,521.025482
4204.877974,127,521.56633
2979.556195,97,521.979913
1200.770432,50,522.172173
2913.6789,87,522.572273
5934.271146,165,523.228611
2974.195409,92,523.624478
5639.232228,154,524.238358
5362.630001,149,524.83316
2260.906744,86,525.200962
1139.960688,54,525.449737
3363.322469,100,525.840408
3177.645303,94,526.241573
5487.651264,148,526.887942
2189.991339,70,527.211145
2822.870191,82,527.604782
3708.142372,108,528.048469
2672.589142,88,531.408329
6168.772107,173,536.91505
2731.361348,78,537.267061
3043.73846,92,537.684533
5785.004582,164,538.343804
2929.204148,87,538.738912
5489.133307,143,539.27158
1185.209961,179,539.985208
5783.267304,158,540.601976
5627.531947,163,541.276548
5512.079334,154,541.890793
8490.316863,237,542.800554
5720.54116,156,543.427351
6230.067245,176,544.117033
2663.794128,90,547.833793
1027.062634,62,548.134612
2862.978866,88,548.576199
475.853687,25,548.716753
2493.077344,81,549.071105
2812.698113,87,549.415282
2168.245086,73,549.738202
8311.632691,237,550.712304
4851.175881,135,551.291689
5511.419577,153,551.943071
5701.509779,157,552.620746
918.964777,41,552.807577
2878.688704,85,553.134289
3052.651313,94,553.513992
2682.233381,83,553.865605
3257.625745,97,554.278287
5482.588699,147,554.839206
5594.978767,153,555.43881
5113.603084,142,555.984972
3021.676437,89,559.642407
3279.974777,102,560.117539
4929.764274,140,560.716837
5636.39332,155,561.401691
5548.613823,149,562.050493
4593.629962,139,562.640015
4838.597222,136,563.168595
5563.598995,147,563.712331
2864.389477,86,564.057218
2698.895611,80,564.438122
5582.048111,160,565.107965
3712.879728,110,565.565991
2705.041726,76,565.881202
3039.323711,89,566.273623
4745.406946,140,566.83268
3378.433125,106,567.267024
2774.592936,83,567.616416
5828.873787,170,571.574862
6368.344894,178,572.359287
5378.71038,145,572.941408
5443.184393,151,573.562753
2332.733287,87,573.933285
8233.280802,229,574.822946
3000.11104,93,575.22268
2802.319474,84,575.556733
5240.398837,158,576.209465
3046.367407,95,576.575545
3632.666732,104,577.051626
2675.756924,81,577.411478
1142.596049,48,577.605639
2901.990177,95,578.042138
5477.465639,146,578.636602
5510.439036,150,579.260515
3586.097177,146,583.152572
5648.698655,153,583.735241
2284.22472,78,584.04848
5816.740726,158,584.658972
5525.463471,150,585.274757
5542.744864,150,585.862388
3731.996108,108,586.292259
5579.709936,162,586.961177
5600.372137,151,587.586106
1794.064141,65,587.887754
4819.565742,138,588.430506
5779.846199,164,589.050343
764.54015,35,589.206183
3503.102468,109,589.650479
4560.468476,133,590.143666
3070.126213,93,590.463746
7665.656545,233,598.132354
3069.204148,86,598.448931
5012.362136,143,598.973891
8239.846052,225,599.896087
5502.349574,150,600.482862
2890.053392,95,600.97623
5841.188679,161,601.626194
2901.647914,89,602.019365
4087.227548,121,602.514108
3627.864575,107,602.924432
5148.061136,155,603.543727
5208.566087,143,604.061016
2808.263609,85,604.437584
5404.89566,148,605.015747
8310.444209,229,605.839311
4438.07355,126,609.916289
3917.330066,119,610.40154
3595.480871,124,610.876359
3142.859008,98,611.322616
4862.20671,139,611.927722
5052.183457,144,612.504952
5364.363052,152,613.156214
7978.522735,223,614.135746
3476.984383,98,614.545395
2814.592837,81,614.891626
2824.218306,88,615.318874
5510.72974,146,615.867109
8261.499039,227,616.780654
5484.114784,148,617.347308
2145.507394,78,617.718473
5810.852209,160,621.519951
2841.396916,86,621.920546
5509.303414,153,622.547722
5482.20001,148,623.138407
5422.016947,146,623.707906
5752.906005,157,624.336771
3488.562195,99,624.786476
3572.92842,109,625.230799
3213.022464,97,625.667906
4315.862752,121,626.174263
5739.157742,158,626.850998
2893.371989,86,627.243405
5918.042909,163,627.938055
5564.039657,148,628.543626
4778.165387,145,629.175201
4566.145721,133,629.750681
5486.40465,148,633.394632
2817.195576,83,633.745945
8609.219627,231,634.679235
5004.777679,148,635.228964
3547.351347,108,635.657126
5469.028474,147,636.280197
5539.762156,147,636.841409
3213.649756,120,637.361328
7869.062121,216,638.217263
5313.807183,143,638.810271
2807.844968,86,639.168854
4951.975565,136,639.734438
5559.536086,153,640.36904
8332.735701,235,641.254198
6184.134145,174,645.032105
8233.43278,231,645.968688
2698.536194,83,646.316918
5565.577861,150,646.902818
5863.541849,160,647.579022
3343.064092,98,647.977296
3172.018129,97,648.370674
5568.763338,150,648.975693
4328.172915,125,649.508039
5681.275334,153,650.095726
5014.428524,159,650.709535
2764.651559,82,651.006652
5518.790285,146,655.128121
1248.16385,52,655.330962
5656.303168,153,655.928176
8260.148086,239,660.02321
8260.148086,239,660.761868
8260.148086,239,661.522044
8260.148086,239,662.220362
8260.148086,239,662.947947
8260.148086,239,663.66595
8260.148086,239,664.396008
8260.148086,239,665.101878
8260.148086,239,665.784224
8260.148086,239,666.505805
